{
	"system" : {
		"platform" : "windows64",
		"os_name" : "Windows 10",
		"os_version" : "10.0"
	},
	"error" : {
		"executable" : "quartus",
		"comment" : "none",
		"error_message" : "Access Violation at 0X000000006A8BD64D",
		"source_file" : "unknown",
		"line" : "0",
		"stack_trace" : "\t 0x6a8bd64c: QtGui4 + 0x3ad64c (?subWindowList@QMdiArea@@QEBA?AV?$QList@PEAVQMdiSubWindow@@@@W4WindowOrder@1@@Z + 0x2bc)\n\t 0x6a8babd5: QtGui4 + 0x3aabd5 (?qt_metacast@QMdiArea@@UEAAPEAXPEBD@Z + 0x3e5)\n\t 0x6a8bbd60: QtGui4 + 0x3abd60 (?resizeEvent@QMdiArea@@MEAAXPEAVQResizeEvent@@@Z + 0x240)\n\t 0x6a571fbd: QtGui4 + 0x61fbd (?event@QWidget@@MEAA_NPEAVQEvent@@@Z + 0x50d)\n\t 0x6a897126: QtGui4 + 0x387126 (?event@QFrame@@MEAA_NPEAVQEvent@@@Z + 0x36)\n\t 0x6afc0b22: QtCore4 + 0x110b22 (?sendThroughObjectEventFilters@QCoreApplicationPrivate@@QEAA_NPEAVQObject@@PEAVQEvent@@@Z + 0x82)\n\t 0x6a532c41: QtGui4 + 0x22c41 (?notify_helper@QApplicationPrivate@@QEAA_NPEAVQObject@@PEAVQEvent@@@Z + 0xe1)\n\t 0x6a5328ef: QtGui4 + 0x228ef (?notify@QApplication@@UEAA_NPEAVQObject@@PEAVQEvent@@@Z + 0x17bf)\n\t 0x6afbec4b: QtCore4 + 0x10ec4b (?notifyInternal@QCoreApplication@@AEAA_NPEAVQObject@@PEAVQEvent@@@Z + 0x7b)\n\t 0x6a5a9bad: QtGui4 + 0x99bad (?setGeometry_sys@QWidgetPrivate@@QEAAXHHHH_N@Z + 0xa7d)\n\t 0x6a57d660: QtGui4 + 0x6d660 (?setGeometry@QWidget@@QEAAXAEBVQRect@@@Z + 0xb0)\n\t 0x6a908c80: QtGui4 + 0x3f8c80 (?layoutChildren@QAbstractScrollAreaPrivate@@QEAAXXZ + 0x5e0)\n\t 0x6a8be407: QtGui4 + 0x3ae407 (?trUtf8@QMdiArea@@SA?AVQString@@PEBD0H@Z + 0x947)\n\t 0x6a8bdb3f: QtGui4 + 0x3adb3f (?trUtf8@QMdiArea@@SA?AVQString@@PEBD0H@Z + 0x7f)\n\t 0x6a8be64a: QtGui4 + 0x3ae64a (?viewportEvent@QMdiArea@@MEAA_NPEAVQEvent@@@Z + 0x17a)\n\t 0x6afc0b22: QtCore4 + 0x110b22 (?sendThroughObjectEventFilters@QCoreApplicationPrivate@@QEAA_NPEAVQObject@@PEAVQEvent@@@Z + 0x82)\n\t 0x6a532c41: QtGui4 + 0x22c41 (?notify_helper@QApplicationPrivate@@QEAA_NPEAVQObject@@PEAVQEvent@@@Z + 0xe1)\n\t 0x6a5328ef: QtGui4 + 0x228ef (?notify@QApplication@@UEAA_NPEAVQObject@@PEAVQEvent@@@Z + 0x17bf)\n\t 0x6afbec4b: QtCore4 + 0x10ec4b (?notifyInternal@QCoreApplication@@AEAA_NPEAVQObject@@PEAVQEvent@@@Z + 0x7b)\n\t 0x6a8c0051: QtGui4 + 0x3b0051 (?closeEvent@QMdiSubWindow@@MEAAXPEAVQCloseEvent@@@Z + 0xa1)\n\t0x7ff8469ee322: SYS_QUI + 0x3e322 (?closeEvent@QUI_MDI_SUB_WND@@MEAAXPEAVQCloseEvent@@@Z + 0x182)\n\t 0x6a571fd1: QtGui4 + 0x61fd1 (?event@QWidget@@MEAA_NPEAVQEvent@@@Z + 0x521)\n\t 0x6a532c55: QtGui4 + 0x22c55 (?notify_helper@QApplicationPrivate@@QEAA_NPEAVQObject@@PEAVQEvent@@@Z + 0xf5)\n\t 0x6a5328ef: QtGui4 + 0x228ef (?notify@QApplication@@UEAA_NPEAVQObject@@PEAVQEvent@@@Z + 0x17bf)\n\t 0x6afbec4b: QtCore4 + 0x10ec4b (?notifyInternal@QCoreApplication@@AEAA_NPEAVQObject@@PEAVQEvent@@@Z + 0x7b)\n\t 0x6a56f6e0: QtGui4 + 0x5f6e0 (?close_helper@QWidgetPrivate@@QEAA_NW4CloseMode@1@@Z + 0xb0)\n\t0x7ff8469d4967: SYS_QUI + 0x24967 (?close_all_in_list@QUI_FRAME_WND@@IEAA_NV?$QList@PEAVQMdiSubWindow@@@@PEAVQMdiSubWindow@@U_GUID@@@Z + 0x227)\n\t0x7ff8469d4abf: SYS_QUI + 0x24abf (?close_all_windows@QUI_FRAME_WND@@QEAA_NU_GUID@@@Z + 0xff)\n\t0x7ff8469d463f: SYS_QUI + 0x2463f (?closeEvent@QUI_FRAME_WND@@MEAAXPEAVQCloseEvent@@@Z + 0x1ef)\n\t 0x6a571fd1: QtGui4 + 0x61fd1 (?event@QWidget@@MEAA_NPEAVQEvent@@@Z + 0x521)\n\t 0x6a8ae830: QtGui4 + 0x39e830 (?event@QMainWindow@@MEAA_NPEAVQEvent@@@Z + 0x280)\n\t 0x6a532c55: QtGui4 + 0x22c55 (?notify_helper@QApplicationPrivate@@QEAA_NPEAVQObject@@PEAVQEvent@@@Z + 0xf5)\n\t 0x6a5328ef: QtGui4 + 0x228ef (?notify@QApplication@@UEAA_NPEAVQObject@@PEAVQEvent@@@Z + 0x17bf)\n\t 0x6afbec4b: QtCore4 + 0x10ec4b (?notifyInternal@QCoreApplication@@AEAA_NPEAVQObject@@PEAVQEvent@@@Z + 0x7b)\n\t 0x6a56f6d8: QtGui4 + 0x5f6d8 (?close_helper@QWidgetPrivate@@QEAA_NW4CloseMode@1@@Z + 0xa8)\n\t 0x6a598ba6: QtGui4 + 0x88ba6 (?winMouseButtonUp@QApplication@@SAXXZ + 0x1006)\n\t0x7ff857ee5c0c: USER32 + 0x15c0c (CallWindowProcW + 0x3bc)\n\t0x7ff857ee57db: USER32 + 0x157db (DispatchMessageW + 0x3cb)\n\t0x7ff857ef1f72: USER32 + 0x21f72 (IsWindowVisible + 0x1a2)\n\t0x7ff8597dfde3: ntdll + 0x9fde3 (KiUserCallbackDispatcher + 0x23)\n\t0x7ff856e81183: win32u + 0x1183 (NtUserMessageCall + 0x13)\n\t0x7ff857ee4369: USER32 + 0x14369 (GetWindowTextW + 0x829)\n\t0x7ff857ee3afe: USER32 + 0x13afe (MapWindowPoints + 0x3be)\n\t0x7ff85495984d: uxtheme + 0x984d (IsCompositionActive + 0x3cd)\n\t0x7ff8549725f1: uxtheme + 0x225f1 (Ordinal96 + 0x5d1)\n\t0x7ff85495c50e: uxtheme + 0xc50e (IsCompositionActive + 0x308e)\n\t0x7ff85495bff0: uxtheme + 0xbff0 (IsCompositionActive + 0x2b70)\n\t0x7ff857ee403e: USER32 + 0x1403e (GetWindowTextW + 0x4fe)\n\t 0x6aa10887: QtGui4 + 0x500887 (?widgetDestroyed@QInputContext@@UEAAXPEAVQWidget@@@Z + 0x307)\n\t 0x6a598b65: QtGui4 + 0x88b65 (?winMouseButtonUp@QApplication@@SAXXZ + 0xfc5)\n\t0x7ff857ee5c0c: USER32 + 0x15c0c (CallWindowProcW + 0x3bc)\n\t0x7ff857ee57db: USER32 + 0x157db (DispatchMessageW + 0x3cb)\n\t0x7ff857ef1f72: USER32 + 0x21f72 (IsWindowVisible + 0x1a2)\n\t0x7ff8597dfde3: ntdll + 0x9fde3 (KiUserCallbackDispatcher + 0x23)\n\t0x7ff856e810c3: win32u + 0x10c3 (NtUserPeekMessage + 0x13)\n\t0x7ff857ee94e1: USER32 + 0x194e1 (PeekMessageW + 0x1e1)\n\t0x7ff857ee9448: USER32 + 0x19448 (PeekMessageW + 0x148)\n\t 0x6afe37e3: QtCore4 + 0x1337e3 (?processEvents@QEventDispatcherWin32@@UEAA_NV?$QFlags@W4ProcessEventsFlag@QEventLoop@@@@@Z + 0x243)\n\t 0x6a592004: QtGui4 + 0x82004 (?openPopup@QApplicationPrivate@@QEAAXPEAVQWidget@@@Z + 0x204)\n\t 0x6afbbb7b: QtCore4 + 0x10bb7b (?exec@QEventLoop@@QEAAHV?$QFlags@W4ProcessEventsFlag@QEventLoop@@@@@Z + 0x22b)\n\t 0x6afbe18f: QtCore4 + 0x10e18f (?exec@QCoreApplication@@SAHXZ + 0xdf)\n\t0x7ff6c184198b: quartus + 0x198b (?qgq_main@@YAHHPEAPEBD@Z + 0x8b)\n\t0x7ff83f7033a8: CCL_MSG + 0x133a8 (?msg_main_thread@@YAPEAXPEAX@Z + 0x18)\n\t0x7ff83f704bae: CCL_MSG + 0x14bae (?msg_thread_wrapper@@YAPEAXP6APEAXPEAX@Z0@Z + 0x6e)\n\t0x7ff83fa16af0: ccl_mem + 0x16af0 (?mem_thread_wrapper@@YAPEAXP6APEAXPEAX@Z0@Z + 0x70)\n\t0x7ff83f702c41: CCL_MSG + 0x12c41 (?msg_exe_main@@YAHHPEAPEBDP6AHH0@Z@Z + 0xa1)\n\t0x7ff6c1842777: quartus + 0x2777 (WinMain + 0x127)\n\t0x7ff6c1841f40: quartus + 0x1f40 (__tmainCRTStartup + 0x148)\n\t0x7ff859317bd3: KERNEL32 + 0x17bd3 (BaseThreadInitThunk + 0x13)\n\t0x7ff8597ace50: ntdll + 0x6ce50 (RtlUserThreadStart + 0x20)\n",
		"subsystem" : "unknown"
	},
	"quartus" : {
		"quartus_bits" : "64",
		"version" : "19.1.0",
		"build" : "670",
		"edition" : "Standard Edition"
	}
}